NtsbNo,CompletionStatus,EventType,Mkey,IsStudy,EventDate,City,State,Country,ReportNo,N#,VehicleMake,VehicleModel,HighestInjuryLevel,HasSafetyRec,Mode,ReportType,DocketPublishDate,OriginalPublishedDate,ReportDate,MostRecentReportType,DocketUrl
ERA22LA029,In work,Accident,104156,false,2021-10-23T13:34:00Z,Westhampton Beach,New York,United States,,N1188L,Cessna,172,None,false,Aviation,DirectorBrief,,,2021-11-03T22:35:21.897Z,Prelim,https://data.ntsb.gov/Docket?ProjectID=104156
ERA22LA017,In work,Accident,104108,false,2021-10-15T15:00:00Z,Fire Island,New York,United States,,N759AC,Cessna,182,Minor,false,Aviation,DirectorBrief,,,2021-10-18T16:11:35.139Z,Prelim,https://data.ntsb.gov/Docket?ProjectID=104108
ERA22LA038,In work,Accident,104186,false,2021-10-02T09:00:00Z,Riverhead,New York,United States,,N199B,Aviat,A-1C 200,None,false,Aviation,DirectorBrief,,,2021-11-01T17:42:30.91Z,Prelim,https://data.ntsb.gov/Docket?ProjectID=104186
ERA21LA306,In work,Accident,103578,false,2021-07-27T17:42:00Z,Farmingdale,New York,United States,,N73334,Cessna,172,None,false,Aviation,DirectorBrief,,,2021-07-29T18:12:18.269Z,Prelim,https://data.ntsb.gov/Docket?ProjectID=103578
ERA21LA098,In work,Accident,102509,false,2021-01-10T14:02:00Z,Old Bethpage,New York,United States,,N421DP,Cessna,421B,Serious,false,Aviation,DirectorBrief,,,2021-01-21T23:31:09.12Z,Prelim,https://data.ntsb.gov/Docket?ProjectID=102509
ERA21LA083,In work,Accident,102437,false,2020-12-20T21:35:00Z,Farmingdale,New York,United States,,N412JA,Raytheon,Hawker,Serious,false,Aviation,DirectorBrief,,,2020-12-21T23:24:20.655Z,Prelim,https://data.ntsb.gov/Docket?ProjectID=102437
ERA21LA028,In work,Accident,102183,false,2020-10-21T16:11:00Z,Point Lookout,New York,United States,,N716VL,Bell,206,Minor,false,Aviation,DirectorBrief,,,2020-11-16T22:40:54.901Z,Prelim,https://data.ntsb.gov/Docket?ProjectID=102183
ERA20CA282,Completed,Accident,101779,false,2020-08-10T13:00:00Z,Montauk,New York,United States,,N4817S,Piper,PA32,None,false,Aviation,DirectorBrief,2021-04-15T19:00:00Z,2021-06-24T04:00:00Z,,Final,https://data.ntsb.gov/Docket?ProjectID=101779
ERA20CA175,Completed,Accident,101253,false,2020-05-03T15:50:00Z,Shirley,New York,United States,,N11457,Waco,QCF,None,false,Aviation,DirectorBrief,2020-06-26T19:05:00Z,2021-02-02T05:00:00Z,,Final,https://data.ntsb.gov/Docket?ProjectID=101253
ERA20LA163,In work,Accident,101210,false,2020-04-25T13:40:00Z,East Hampton,New York,United States,,N33005,Piper,PA28,None,false,Aviation,DirectorBrief,,,,Prelim,https://data.ntsb.gov/Docket?ProjectID=101210
ERA20LA082,In work,Accident,100840,false,2019-12-28T17:15:00Z,Farmingdale,New York,United States,,N52840,Mooney,M20J,Minor,false,Aviation,DirectorBrief,,,,Prelim,https://data.ntsb.gov/Docket?ProjectID=100840
ERA19FA189,Completed,Accident,99568,false,2019-06-08T10:14:00Z,Southold,New York,United States,,N8014T,Beech,A36,Fatal,false,Aviation,DirectorBrief,2021-10-27T13:30:00Z,2021-12-14T05:00:00Z,,Final,https://data.ntsb.gov/Docket?ProjectID=99568
GAA19CA050,Completed,Accident,98605,false,2018-10-20T12:15:00Z,East Moriches,New York,United States,,N8275V,Piper,PA28,None,false,Aviation,DirectorBrief,2019-02-11T19:55:00Z,2019-04-08T04:00:00Z,,Final,https://data.ntsb.gov/Docket?ProjectID=98605
ERA19LA012,Completed,Accident,98483,false,2018-10-13T10:58:00Z,Westhampton Beach,New York,United States,,N593MS,Piper,PA34,Fatal,false,Aviation,DirectorBrief,2020-06-29T12:13:00Z,2020-08-11T04:00:00Z,,Final,https://data.ntsb.gov/Docket?ProjectID=98483
ERA18LA253,Completed,Accident,98309,false,2018-09-16T16:06:00Z,Montauk,New York,United States,,N161DL,Cirrus,SR22,Minor,false,Aviation,DirectorBrief,2019-11-29T14:07:00Z,2020-04-13T04:00:00Z,,Final,https://data.ntsb.gov/Docket?ProjectID=98309
GAA18CA417,Completed,Accident,97750,false,2018-06-30T10:00:00Z,Shelter Island,New York,United States,,N8870,Travel Air,2000,None,false,Aviation,DirectorBrief,2018-10-10T15:28:00Z,2019-03-18T04:00:00Z,,Final,https://data.ntsb.gov/Docket?ProjectID=97750
ERA18LA157,Completed,Accident,97383,false,2018-06-02T14:33:00Z,Amagansett,New York,United States,,N41173,Piper,PA 31,Fatal,false,Aviation,DirectorBrief,2019-07-18T19:28:00Z,2019-11-06T05:00:00Z,,Final,https://data.ntsb.gov/Docket?ProjectID=97383
WPR18FA155,Completed,Accident,97358,false,2018-05-30T13:48:00Z,Melville,New York,United States,,N62382,North American,SNJ 2,Fatal,false,Aviation,DirectorBrief,2020-08-28T14:02:00Z,2020-09-23T04:00:00Z,,Final,https://data.ntsb.gov/Docket?ProjectID=97358
GAA18CA291,Completed,Accident,97297,false,2018-05-21T18:00:00Z,Farmingdale,New York,United States,,N5560W,Piper,PA28,Minor,false,Aviation,DirectorBrief,2018-08-02T20:38:00Z,2018-10-24T04:00:00Z,,Final,https://data.ntsb.gov/Docket?ProjectID=97297
RRD18LR005,Completed,Accident,96989,false,2018-04-05T20:00:00Z,Lynbrook,New York,United States,RAB1807,,,,,false,Railroad,DirectorBrief,2018-12-03T19:19:00Z,2018-12-03T05:00:00Z,2018-12-03T05:00:00Z,Final,https://data.ntsb.gov/Docket?ProjectID=96989
GAA18CA229,Completed,Accident,97101,false,2018-03-23T08:30:00Z,Farmingdale,New York,United States,,N72QC,ROBINSON HELICOPTER,R22,None,false,Aviation,DirectorBrief,2018-06-21T11:31:00Z,2018-08-27T04:00:00Z,,Final,https://data.ntsb.gov/Docket?ProjectID=97101
ERA18LA074,Completed,Accident,96670,false,2018-01-29T10:28:00Z,Babylon,New York,United States,,N294ME,Cessna,172,None,false,Aviation,DirectorBrief,2018-04-24T16:16:00Z,2019-02-05T05:00:00Z,,Final,https://data.ntsb.gov/Docket?ProjectID=96670
DCA17LA173,Completed,Accident,95804,false,2017-08-05T14:35:00Z,East Hampton,New York,United States,,N276AY,Airbus,330,Serious,false,Aviation,DirectorBrief,2017-12-22T13:21:00Z,2020-04-22T04:00:00Z,,Final,https://data.ntsb.gov/Docket?ProjectID=95804
ERA17LA247,Completed,Accident,95600,false,2017-07-16T20:10:00Z,Shirley,New York,United States,,N55US,AEROPRAKT,A 20 VISTA CRUISER,None,false,Aviation,DirectorBrief,2017-11-13T12:56:00Z,2018-01-25T05:00:00Z,,Final,https://data.ntsb.gov/Docket?ProjectID=95600
ERA17LA134,Completed,Accident,94901,false,2017-03-21T20:56:00Z,Islip,New York,United States,,N62RF,Beech,95B55,None,false,Aviation,DirectorBrief,2021-05-18T19:00:00Z,2021-06-01T04:00:00Z,,Final,https://data.ntsb.gov/Docket?ProjectID=94901
ERA17FA115,Completed,Accident,94775,false,2017-02-26T12:40:00Z,Westhampton Beach,New York,United States,,N4529K,Ryan,Navion,Fatal,false,Aviation,DirectorBrief,2018-06-12T18:51:00Z,2018-07-16T04:00:00Z,,Final,https://data.ntsb.gov/Docket?ProjectID=94775
ERA17LA069,Completed,Accident,94508,false,2016-12-11T14:00:00Z,Shoreham,New York,United States,,N69286,Beech,A36,None,false,Aviation,DirectorBrief,2019-11-04T13:12:00Z,2020-04-20T04:00:00Z,,Final,https://data.ntsb.gov/Docket?ProjectID=94508
ERA16LA293,Completed,Accident,93839,false,2016-08-13T13:00:00Z,Shirley,New York,United States,,N3666J,Cessna,150G,None,false,Aviation,DirectorBrief,2021-02-08T20:00:00Z,2021-05-06T04:00:00Z,,Final,https://data.ntsb.gov/Docket?ProjectID=93839
ERA16CA241,Completed,Accident,93533,false,2016-07-03T12:45:00Z,Shirley,New York,United States,,N12633,Cessna,305,None,false,Aviation,DirectorBrief,2017-06-22T20:34:00Z,2017-08-03T04:00:00Z,,Final,https://data.ntsb.gov/Docket?ProjectID=93533
GAA16CA527,Completed,Accident,94377,false,2016-06-20T17:58:00Z,Farmingdale,New York,United States,,N127WD,Swearingen,SA226,None,false,Aviation,DirectorBrief,2017-05-15T19:42:00Z,2017-06-20T04:00:00Z,,Final,https://data.ntsb.gov/Docket?ProjectID=94377
ERA16FA176,Completed,Accident,93095,false,2016-05-03T15:42:00Z,Syosset,New York,United States,,N440H,Beech,V35,Fatal,false,Aviation,DirectorBrief,2017-06-16T15:07:00Z,2017-06-26T04:00:00Z,,Final,https://data.ntsb.gov/Docket?ProjectID=93095
ERA16LA173,Completed,Accident,93083,false,2016-04-30T10:00:00Z,Calverton,New York,United States,,N8660K,UNIVERSAL STINSON,108,None,false,Aviation,DirectorBrief,2018-12-18T20:22:00Z,2019-03-18T04:00:00Z,,Final,https://data.ntsb.gov/Docket?ProjectID=93083
ERA16LA152,Completed,Accident,92981,false,2016-04-10T19:07:00Z,Bayport,New York,United States,,N95118,Piper,PA 28-140,Serious,false,Aviation,DirectorBrief,2018-05-15T12:46:00Z,2018-07-16T04:00:00Z,,Final,https://data.ntsb.gov/Docket?ProjectID=92981
ERA16LA124,Completed,Accident,92811,false,2016-03-05T16:08:00Z,Hauppauge,New York,United States,,N295AR,CIRRUS DESIGN CORP,SR22,None,false,Aviation,DirectorBrief,2017-10-23T14:54:00Z,2017-12-14T05:00:00Z,,Final,https://data.ntsb.gov/Docket?ProjectID=92811
ERA16LA109,Completed,Accident,92748,false,2016-02-21T00:05:00Z,Port Jefferson,New York,United States,,N29099,Piper,PA28,Fatal,false,Aviation,DirectorBrief,2018-07-12T11:24:00Z,2018-08-15T04:00:00Z,,Final,https://data.ntsb.gov/Docket?ProjectID=92748
GAA16CA124,Completed,Accident,92712,false,2016-02-12T11:00:00Z,Shirley,New York,United States,,N47259,Cessna,152,None,false,Aviation,DirectorBrief,2016-04-04T15:41:00Z,2016-05-03T04:00:00Z,,Final,https://data.ntsb.gov/Docket?ProjectID=92712
ERA16LA094,Completed,Accident,92643,false,2016-01-27T12:57:00Z,Lindenhurst,New York,United States,,N404LE,ROBINSON HELICOPTER,R22,None,false,Aviation,DirectorBrief,2020-12-08T19:00:00Z,2021-02-02T05:00:00Z,,Final,https://data.ntsb.gov/Docket?ProjectID=92643
GAA15CA238,Completed,Accident,91869,false,2015-08-19T19:15:00Z,Ronkonkoma,New York,United States,,N86EH,ROBINSON HELICOPTER,R22 BETA,Minor,false,Aviation,DirectorBrief,2015-10-07T11:21:00Z,2015-10-08T04:00:00Z,,Final,https://data.ntsb.gov/Docket?ProjectID=91869
ERA15FA313,Completed,Accident,91790,false,2015-08-16T07:45:00Z,Hicksville,New York,United States,,N5946C,Beech,C35,Fatal,false,Aviation,DirectorBrief,2017-03-16T20:56:00Z,2017-03-29T04:00:00Z,,Final,https://data.ntsb.gov/Docket?ProjectID=91790
GAA15CA205,Completed,Accident,91674,false,2015-07-25T10:30:00Z,Shelter Island,New York,United States,,N5820V,Boeing,B75N1,Minor,false,Aviation,DirectorBrief,2015-11-17T20:55:00Z,2015-12-03T05:00:00Z,,Final,https://data.ntsb.gov/Docket?ProjectID=91674
ERA15LA251,Completed,Accident,91432,false,2015-06-24T18:00:00Z,East Moriches,New York,United States,,N84927,Aeronca,7AC,Serious,false,Aviation,DirectorBrief,2015-09-24T12:03:00Z,2015-10-21T04:00:00Z,,Final,https://data.ntsb.gov/Docket?ProjectID=91432
ERA15LA184,Completed,Accident,91026,false,2015-04-13T18:00:00Z,Shelter Island,New York,United States,,N30283,CESSNA AIRCRAFT CO,162,Serious,false,Aviation,DirectorBrief,2015-11-27T21:20:00Z,2016-01-21T05:00:00Z,,Final,https://data.ntsb.gov/Docket?ProjectID=91026
ERA15CA126,Completed,Accident,90709,false,2015-02-07T14:06:00Z,Shirley,New York,United States,,N5416B,Cessna,152,None,false,Aviation,DirectorBrief,2015-07-17T14:49:00Z,2015-07-29T04:00:00Z,,Final,https://data.ntsb.gov/Docket?ProjectID=90709
ERA14LA390,Completed,Accident,89898,false,2014-08-17T14:30:00Z,Farmingdale,New York,United States,,N292LC,Cessna,R182,None,false,Aviation,DirectorBrief,2016-12-27T20:04:00Z,2017-02-13T05:00:00Z,,Final,https://data.ntsb.gov/Docket?ProjectID=89898
ERA14LA330,Completed,Accident,89616,false,2014-07-06T19:05:00Z,Mattituck,New York,United States,,N79ZR,ZUBAIR S KHAN,Raven,Fatal,false,Aviation,DirectorBrief,2015-11-25T18:04:00Z,2016-01-05T05:00:00Z,,Final,https://data.ntsb.gov/Docket?ProjectID=89616
ERA14FA292,Completed,Accident,89451,false,2014-06-17T09:03:00Z,East Patchogue,New York,United States,,N610MH,COLUMBIA AIRCRAFT MFG,LC41 550FG,Fatal,false,Aviation,DirectorBrief,2015-11-24T12:19:00Z,2015-12-09T05:00:00Z,,Final,https://data.ntsb.gov/Docket?ProjectID=89451
ERA14LA181,Completed,Accident,89011,false,2014-04-03T12:30:00Z,Bayport,New York,United States,,"N409FM, N12BH","VANS AIRCRAFT INC, DEHAVILLAND","RV-12, DHC 1B 2-S3",None,false,Aviation,DirectorBrief,2014-07-09T17:51:00Z,2014-10-27T04:00:00Z,,Final,https://data.ntsb.gov/Docket?ProjectID=89011
ERA13CA378,Completed,Accident,87864,false,2013-08-25T14:30:00Z,Shelter Island,New York,United States,,N392ES,Cessna,172R,Minor,false,Aviation,DirectorBrief,2013-09-25T14:54:00Z,2013-10-21T04:00:00Z,,Final,https://data.ntsb.gov/Docket?ProjectID=87864
ERA13CA338,Completed,Accident,87597,false,2013-07-28T11:45:00Z,Shirley,New York,United States,,N450EM,Cessna,210M,None,false,Aviation,DirectorBrief,2014-02-04T19:41:00Z,2014-02-13T05:00:00Z,,Final,https://data.ntsb.gov/Docket?ProjectID=87597
ERA13CA247,Completed,Accident,86945,false,2013-05-17T15:30:00Z,East Moriches,New York,United States,,N8775X,Cessna,182D,None,false,Aviation,DirectorBrief,2013-06-17T20:56:00Z,2013-07-23T04:00:00Z,,Final,https://data.ntsb.gov/Docket?ProjectID=86945
ERA13FA215,Completed,Accident,86742,false,2013-04-27T11:30:00Z,Shirley,New York,United States,,N9857E,Schweizer,SGS 2-32,Fatal,false,Aviation,DirectorBrief,2014-02-26T13:39:00Z,2014-04-23T04:00:00Z,,Final,https://data.ntsb.gov/Docket?ProjectID=86742
ERA13FA032,Completed,Accident,85377,false,2012-10-20T15:04:00Z,East Moriches,New York,United States,,N80823,"Swift Museum Foundation, Inc.",GC-1A,Fatal,false,Aviation,DirectorBrief,2013-09-05T17:14:00Z,2013-09-30T04:00:00Z,,Final,https://data.ntsb.gov/Docket?ProjectID=85377
ERA12CA569,Completed,Accident,85088,false,2012-09-01T11:30:00Z,Farmingdale,New York,United States,,N2409E,Cessna,172S,None,false,Aviation,DirectorBrief,2012-10-16T18:52:00Z,2012-12-11T05:00:00Z,,Final,https://data.ntsb.gov/Docket?ProjectID=85088
ERA12LA532,Completed,Accident,84804,false,2012-08-26T17:36:00Z,East Hampton,New York,United States,,N557M,Mooney,M20C,Serious,false,Aviation,DirectorBrief,2013-06-19T17:46:00Z,2013-08-13T04:00:00Z,,Final,https://data.ntsb.gov/Docket?ProjectID=84804
ERA12FA514,Completed,Accident,84725,false,2012-08-19T11:55:00Z,Shirley,New York,United States,,N5542Z,Socata,TB 10,Fatal,false,Aviation,DirectorBrief,2013-06-18T15:08:00Z,2013-08-13T04:00:00Z,,Final,https://data.ntsb.gov/Docket?ProjectID=84725
ERA12CA520,Completed,Accident,84753,false,2012-08-18T17:00:00Z,Bayport,New York,United States,,N343SF,Fleet,FLEET 16B,None,false,Aviation,DirectorBrief,2012-12-27T17:22:00Z,2013-02-14T05:00:00Z,,Final,https://data.ntsb.gov/Docket?ProjectID=84753
ERA12CA434,Completed,Accident,84224,false,2012-07-07T14:38:00Z,Bayport,New York,United States,,N3993P,JONES PETER M,BOEING/JONES 75,Minor,false,Aviation,DirectorBrief,2012-09-06T19:00:00Z,2012-11-07T05:00:00Z,,Final,https://data.ntsb.gov/Docket?ProjectID=84224
ERA12CA341,Completed,Accident,83675,false,2012-05-17T16:15:00Z,Shirley,New York,United States,,N297SC,CZECH SPORT AIRCRAFT A S,SPORTCRUISER,Minor,false,Aviation,DirectorBrief,2012-08-29T21:03:00Z,2012-11-26T05:00:00Z,,Final,https://data.ntsb.gov/Docket?ProjectID=83675
ERA12LA132,Completed,Accident,82599,false,2012-01-02T16:00:00Z,Shelter Island,New York,United States,,N8282P,Piper,PA-34-200T,None,false,Aviation,DirectorBrief,2012-12-13T18:18:00Z,2013-02-12T05:00:00Z,,Final,https://data.ntsb.gov/Docket?ProjectID=82599
ERA11CA442,Completed,Accident,81407,false,2011-08-06T13:30:00Z,Farmingdale,New York,United States,,N723AD,Didier Siffer (E-AB),Arion Lightning,None,false,Aviation,DirectorBrief,2011-09-07T19:39:00Z,2011-10-17T04:00:00Z,,Final,https://data.ntsb.gov/Docket?ProjectID=81407
ERA11LA417,Completed,Accident,81201,false,2011-07-24T10:13:00Z,Sagaponack,New York,United States,,N2ER,RYAN AERONAUTICAL,ST3KR,Serious,false,Aviation,DirectorBrief,2012-07-02T18:56:00Z,2012-09-13T04:00:00Z,,Final,https://data.ntsb.gov/Docket?ProjectID=81201
ERA11CA270,Completed,Accident,78995,false,2011-04-30T15:45:00Z,East Hampton,New York,United States,,N428LB,Cessna,182T,None,false,Aviation,DirectorBrief,2011-05-25T19:35:00Z,2011-08-03T04:00:00Z,,Final,https://data.ntsb.gov/Docket?ProjectID=78995
ERA11FA021,Completed,Accident,77600,false,2010-10-17T09:00:00Z,Farmingdale,New York,United States,,N934W,SIAI-MARCHETTI,S.205/22R,Fatal,false,Aviation,DirectorBrief,2011-12-02T17:07:00Z,2012-01-17T05:00:00Z,,Final,https://data.ntsb.gov/Docket?ProjectID=77600
ERA10CA473,Completed,Accident,77251,false,2010-09-09T17:45:00Z,Montauk,New York,United States,,N2753M,Piper,PA-28-181,None,false,Aviation,DirectorBrief,2011-06-13T16:57:00Z,2011-07-21T04:00:00Z,,Final,https://data.ntsb.gov/Docket?ProjectID=77251
ERA10CA451,Completed,Accident,77111,false,2010-08-28T14:30:00Z,Montauk,New York,United States,,N9532L,GRUMMAN AMERICAN AVN. CORP.,AA-5,None,false,Aviation,DirectorBrief,2010-10-18T02:26:00Z,2011-05-11T04:00:00Z,,Final,https://data.ntsb.gov/Docket?ProjectID=77111
ERA10CA380,Completed,Accident,76782,false,2010-07-27T09:40:00Z,Shirley,New York,United States,,N757ZN,Cessna,152,None,false,Aviation,DirectorBrief,2010-09-06T01:34:00Z,2010-12-20T05:00:00Z,,Final,https://data.ntsb.gov/Docket?ProjectID=76782
ERA10CA341,Completed,Accident,76500,false,2010-06-30T16:30:00Z,Farmingdale,New York,United States,,N388MA,DIAMOND AIRCRAFT IND INC,DA 40,None,false,Aviation,DirectorBrief,2010-09-20T01:11:00Z,2010-12-20T05:00:00Z,,Final,https://data.ntsb.gov/Docket?ProjectID=76500
ERA10LA335,Completed,Accident,76444,false,2010-06-25T17:00:00Z,Babylon,New York,United States,,N3973Y,Cessna,210D,Minor,false,Aviation,DirectorBrief,2011-10-26T16:44:00Z,2011-12-13T05:00:00Z,,Final,https://data.ntsb.gov/Docket?ProjectID=76444
ERA10CA273,Completed,Accident,76062,false,2010-05-20T13:43:00Z,Farmingdale,New York,United States,,N960JB,CIRRUS DESIGN CORP,SR22,None,false,Aviation,DirectorBrief,2010-08-21T03:21:00Z,2010-12-20T05:00:00Z,,Final,https://data.ntsb.gov/Docket?ProjectID=76062
ERA10CA192,Completed,Accident,75593,false,2010-03-21T11:45:00Z,Farmingdale,New York,United States,,N1895A,Cessna,172,None,false,Aviation,DirectorBrief,2010-06-20T16:21:00Z,2010-08-12T04:00:00Z,,Final,https://data.ntsb.gov/Docket?ProjectID=75593
ERA10IA170,Completed,Incident,75468,false,2010-03-10T13:55:00Z,Farmingdale,New York,United States,,N155MM,GULFSTREAM AMERICAN CORP.,G-1159A,None,false,Aviation,DirectorBrief,2011-02-16T19:32:00Z,2011-04-28T04:00:00Z,,Final,https://data.ntsb.gov/Docket?ProjectID=75468
ERA10LA111,Completed,Accident,75255,false,2010-01-09T13:55:00Z,Bayport,New York,United States,,N97223,Stinson,108,None,false,Aviation,DirectorBrief,2010-04-27T14:51:00Z,2010-06-17T04:00:00Z,,Final,https://data.ntsb.gov/Docket?ProjectID=75255
ERA09LA532,Completed,Accident,74780,false,2009-09-20T10:10:00Z,Fire Island,New York,United States,,N4467K,Ryan,Navion,None,false,Aviation,DirectorBrief,2010-12-23T16:06:00Z,2011-03-16T04:00:00Z,,Final,https://data.ntsb.gov/Docket?ProjectID=74780
ERA09CA533,Completed,Accident,74781,false,2009-09-19T15:00:00Z,Montauk,New York,United States,,N182HB,Cessna,182,None,false,Aviation,DirectorBrief,2009-11-02T18:17:00Z,2009-12-29T05:00:00Z,,Final,https://data.ntsb.gov/Docket?ProjectID=74781
ERA09CA332,Completed,Accident,73989,false,2009-06-07T09:09:00Z,Cutchogue,New York,United States,,Unregister,Teratorn,Tierra,None,false,Aviation,DirectorBrief,2009-07-10T12:57:00Z,2009-09-10T04:00:00Z,,Final,https://data.ntsb.gov/Docket?ProjectID=73989
ERA09LA233,Completed,Accident,73601,false,2009-04-05T13:25:00Z,Mastic Beach,New York,United States,,N740RB,Curtiss Wright,P-40N,Fatal,false,Aviation,DirectorBrief,2010-02-19T14:39:00Z,2010-04-22T04:00:00Z,,Final,https://data.ntsb.gov/Docket?ProjectID=73601
ERA09LA189,Completed,Accident,73459,false,2009-03-07T12:47:00Z,Montauk,New York,United States,,N574PG,CIRRUS DESIGN CORP,SR22,None,false,Aviation,DirectorBrief,,2009-06-11T04:00:00Z,,Final,https://data.ntsb.gov/Docket?ProjectID=73459
ERA09CA112,Completed,Accident,73156,false,2008-12-29T11:00:00Z,Bayport,New York,United States,,N307MM,Michael Muratore,Vans,None,false,Aviation,DirectorBrief,,2009-03-23T04:00:00Z,,Final,https://data.ntsb.gov/Docket?ProjectID=73156
MIA08LA132,Completed,Accident,68366,false,2008-06-14T08:45:00Z,Fishers Island,New York,United States,,N166DS,Cessna,350,None,false,Aviation,DirectorBrief,,2009-05-06T04:00:00Z,,Final,https://data.ntsb.gov/Docket?ProjectID=68366
MIA08LA005,Completed,Accident,66928,false,2007-10-21T17:53:00Z,Farmingdale,New York,United States,,"N43450, N4672M","Piper, Cessna","PA-32R-301, 152",None,false,Aviation,DirectorBrief,,2008-08-28T04:00:00Z,,Final,https://data.ntsb.gov/Docket?ProjectID=66928
NYC07LA209,Completed,Accident,66570,false,2007-09-02T10:55:00Z,Farmingdale,New York,United States,,"N62382, N52033","North American, North American","SNJ-2, SNJ-2",None,false,Aviation,DirectorBrief,,2008-05-28T04:00:00Z,,Final,https://data.ntsb.gov/Docket?ProjectID=66570
NYC07FAMS1,Completed,Accident,67302,false,2007-08-25T14:15:00Z,Westhampton,New York,United States,,N5067T,Piper,PA-32-260,Fatal,false,Aviation,DirectorBrief,,2008-12-28T05:00:00Z,,Final,https://data.ntsb.gov/Docket?ProjectID=67302
NYC07LA202,Completed,Accident,66499,false,2007-08-23T20:43:00Z,Westhampton,New York,United States,,N9CU,LEARJET INC,60,None,false,Aviation,DirectorBrief,,2009-06-11T04:00:00Z,,Final,https://data.ntsb.gov/Docket?ProjectID=66499
NYC07CA179,Completed,Accident,66337,false,2007-07-31T11:45:00Z,Montauk,New York,United States,,N284HP,Piper,PA-28-181,None,false,Aviation,DirectorBrief,,2007-10-31T04:00:00Z,,Final,https://data.ntsb.gov/Docket?ProjectID=66337
ATL07CA108,Completed,Accident,66309,false,2007-07-26T06:05:00Z,Shirley,New York,United States,,N604EV,Evektor Aerotechnic,Sportstar,None,false,Aviation,DirectorBrief,,2008-03-31T04:00:00Z,,Final,https://data.ntsb.gov/Docket?ProjectID=66309
DFW07LA105,Completed,Accident,65751,false,2007-05-05T08:50:00Z,Farmingdale,New York,United States,,N16HY,Aviat,A-1A,Serious,false,Aviation,DirectorBrief,,2007-07-25T04:00:00Z,,Final,https://data.ntsb.gov/Docket?ProjectID=65751
NYC06CA172,Completed,Accident,64061,false,2006-06-16T12:30:00Z,Brookhaven,New York,United States,,N549AB,Rotorway,162-F,None,false,Aviation,DirectorBrief,,2006-10-03T04:00:00Z,,Final,https://data.ntsb.gov/Docket?ProjectID=64061
NYC06LA122,Completed,Accident,63765,false,2006-05-28T16:18:00Z,Mattituck,New York,United States,,N9244F,Hughes,369HS,Minor,false,Aviation,DirectorBrief,2007-11-04T15:12:00Z,2007-11-29T05:00:00Z,,Final,https://data.ntsb.gov/Docket?ProjectID=63765
NYC06LA106,Completed,Accident,63620,false,2006-05-04T10:30:00Z,Kings Park,New York,United States,,N38DM,Schweizer,269C,Minor,false,Aviation,DirectorBrief,2006-12-09T17:17:00Z,2007-02-26T05:00:00Z,,Final,https://data.ntsb.gov/Docket?ProjectID=63620
NYC06CA030,Completed,Accident,62822,false,2005-11-15T11:05:00Z,Southampton,New York,United States,,N117SA,Cessna,208,Minor,false,Aviation,DirectorBrief,,2006-03-28T05:00:00Z,,Final,https://data.ntsb.gov/Docket?ProjectID=62822
NYC06FA015,Completed,Accident,62704,false,2005-10-23T13:45:00Z,East Hampton,New York,United States,,N7345U,Cessna,411,Fatal,false,Aviation,DirectorBrief,,2008-01-31T05:00:00Z,,Final,https://data.ntsb.gov/Docket?ProjectID=62704
NYC05CA147,Completed,Accident,62582,false,2005-09-25T15:00:00Z,Southampton,New York,United States,,N5203N,Cessna,182,None,false,Aviation,DirectorBrief,,2006-01-31T05:00:00Z,,Final,https://data.ntsb.gov/Docket?ProjectID=62582
IAD05CA140,Completed,Accident,62542,false,2005-09-23T17:50:00Z,Farmingdale,New York,United States,,N8014T,Beech,BE-36,None,false,Aviation,DirectorBrief,,2006-01-31T05:00:00Z,,Final,https://data.ntsb.gov/Docket?ProjectID=62542
IAD05LA133,Completed,Accident,62406,false,2005-09-06T17:25:00Z,Babylon,New York,United States,,N8270M,Piper,PA-28-161,Minor,false,Aviation,DirectorBrief,,2006-08-29T04:00:00Z,,Final,https://data.ntsb.gov/Docket?ProjectID=62406
IAD05LA115,Completed,Accident,62145,false,2005-08-06T11:00:00Z,East Moriches,New York,United States,,N2422G,Cessna,182B,None,false,Aviation,DirectorBrief,,2006-01-31T05:00:00Z,,Final,https://data.ntsb.gov/Docket?ProjectID=62145
IAD05LA109,Completed,Accident,62057,false,2005-07-02T14:30:00Z,East Hampton,New York,United States,,N3YP,Beech,BE-35-C33A,None,false,Aviation,DirectorBrief,,2006-02-28T05:00:00Z,,Final,https://data.ntsb.gov/Docket?ProjectID=62057
NYC05LA123,Completed,Accident,62047,false,2005-05-17T16:30:00Z,Islip,New York,United States,,N9344L,Cessna,172P,None,false,Aviation,DirectorBrief,2005-11-04T19:52:00Z,2006-01-31T05:00:00Z,,Final,https://data.ntsb.gov/Docket?ProjectID=62047
IAD05LA026,Completed,Accident,60775,false,2004-12-25T15:45:00Z,East Moriches,New York,United States,,N7857Z,Cessna,150C,Minor,false,Aviation,DirectorBrief,,2005-04-28T04:00:00Z,,Final,https://data.ntsb.gov/Docket?ProjectID=60775
IAD04LA048,Completed,Accident,60181,false,2004-09-22T16:15:00Z,Bayport,New York,United States,,N57003,Boeing,A75N (PT17),Minor,false,Aviation,DirectorBrief,,2005-06-08T04:00:00Z,,Final,https://data.ntsb.gov/Docket?ProjectID=60181
NYC04CA205,Completed,Accident,60076,false,2004-09-05T15:15:00Z,Montauk,New York,United States,,N1351H,Piper,PA32-300,None,false,Aviation,DirectorBrief,,2004-12-03T05:00:00Z,,Final,https://data.ntsb.gov/Docket?ProjectID=60076
NYC04FA197,Completed,Accident,59993,false,2004-08-29T18:02:00Z,Northport,New York,United States,,N871CL,Robinson,R-22,Fatal,false,Aviation,DirectorBrief,,2006-04-25T04:00:00Z,,Final,https://data.ntsb.gov/Docket?ProjectID=59993
NYC04LA120,Completed,Accident,59186,false,2004-05-08T17:00:00Z,Shirley,New York,United States,,N1754D,Cessna,170B,None,false,Aviation,DirectorBrief,,2004-09-01T04:00:00Z,,Final,https://data.ntsb.gov/Docket?ProjectID=59186
NYC04CA096,Completed,Accident,58959,false,2004-03-27T17:00:00Z,Farmingdale,New York,United States,,N9520F,Hughes,269B,None,false,Aviation,DirectorBrief,,2004-06-30T04:00:00Z,,Final,https://data.ntsb.gov/Docket?ProjectID=58959
NYC04LA041,Completed,Accident,58403,false,2003-12-02T09:30:00Z,Holbrook,New York,United States,,N238CZ,Russell,Cozy MK III,Minor,false,Aviation,DirectorBrief,,2005-01-24T05:00:00Z,,Final,https://data.ntsb.gov/Docket?ProjectID=58403
NYC04LA046,Completed,Accident,58450,false,2003-11-13T09:25:00Z,Islip,New York,United States,,N5329T,Cessna,172E,None,false,Aviation,DirectorBrief,,2004-07-29T04:00:00Z,,Final,https://data.ntsb.gov/Docket?ProjectID=58450
NYC04LA026,Completed,Accident,58299,false,2003-11-06T21:20:00Z,Montauk,New York,United States,,N80852,Piper,PA-28-181,None,false,Aviation,DirectorBrief,,2004-12-28T05:00:00Z,,Final,https://data.ntsb.gov/Docket?ProjectID=58299
NYC04LA021,Completed,Accident,58276,false,2003-11-02T12:30:00Z,Fishers Island,New York,United States,,N80656,Fleet,16B,Fatal,false,Aviation,DirectorBrief,,2005-04-28T04:00:00Z,,Final,https://data.ntsb.gov/Docket?ProjectID=58276
IAD03LA066,Completed,Accident,57514,false,2003-07-20T20:10:00Z,Hampton Bays,New York,United States,,N155RR,Cessna,T210N,Minor,false,Aviation,DirectorBrief,,2003-11-25T05:00:00Z,,Final,https://data.ntsb.gov/Docket?ProjectID=57514
NYC03FA153,Completed,Accident,57403,false,2003-07-07T00:30:00Z,Montauk,New York,United States,,N5636V,Piper,PA-34-200T,Fatal,false,Aviation,DirectorBrief,,2004-06-30T04:00:00Z,,Final,https://data.ntsb.gov/Docket?ProjectID=57403
NYC03LA151,Completed,Accident,57391,false,2003-07-06T13:30:00Z,Manorville,New York,United States,,N86985,Bellanca,8GCBC,Serious,false,Aviation,DirectorBrief,,2004-03-02T05:00:00Z,,Final,https://data.ntsb.gov/Docket?ProjectID=57391
NYC03LA130,Completed,Accident,57213,false,2003-06-06T08:00:00Z,Montauk,New York,United States,,N1077V,Mooney,M20J,None,false,Aviation,DirectorBrief,,2004-03-02T05:00:00Z,,Final,https://data.ntsb.gov/Docket?ProjectID=57213
IAD03LA055,Completed,Accident,57044,false,2003-05-26T13:25:00Z,PORT JEFFERSON,New York,United States,,N1234,Cessna,414,None,false,Aviation,DirectorBrief,,2006-12-04T05:00:00Z,,Final,https://data.ntsb.gov/Docket?ProjectID=57044
IAD03LA012,Completed,Accident,56025,false,2002-11-08T23:25:00Z,East Hampton,New York,United States,,N911XW,Westland Helicopters,Gazelle AH-MK1,Fatal,false,Aviation,DirectorBrief,,2004-03-02T05:00:00Z,,Final,https://data.ntsb.gov/Docket?ProjectID=56025
NYC02LA124,Completed,Accident,55045,false,2002-06-20T08:00:00Z,Shelter Island,New York,United States,,N61450,Hunter,A-28 Victor,None,false,Aviation,DirectorBrief,2002-12-11T20:01:00Z,2003-04-01T05:00:00Z,,Final,https://data.ntsb.gov/Docket?ProjectID=55045
NYC02LA086,Completed,Accident,54559,false,2002-04-20T14:44:00Z,Islip,New York,United States,,N8414H,Robinson,R-22,Serious,false,Aviation,DirectorBrief,2002-09-12T15:57:00Z,2002-10-24T04:00:00Z,,Final,https://data.ntsb.gov/Docket?ProjectID=54559
IAD02LA030,Completed,Accident,54188,false,2002-02-14T14:30:00Z,East Moriches,New York,United States,,N767PG,Korsch,Classic IV,Minor,false,Aviation,DirectorBrief,2003-06-24T23:12:00Z,2003-08-26T04:00:00Z,,Final,https://data.ntsb.gov/Docket?ProjectID=54188
NYC01FA212,Completed,Accident,53076,false,2001-08-21T12:45:00Z,Shirley,New York,United States,,N225SD,Pitts,S-2B,Fatal,false,Aviation,DirectorBrief,,2003-05-01T04:00:00Z,,Final,https://data.ntsb.gov/Docket?ProjectID=53076
NYC01LA204,Completed,Accident,52944,false,2001-08-05T16:55:00Z,Islip,New York,United States,,N4066G,Robinson,R22,None,false,Aviation,DirectorBrief,,2001-09-27T04:00:00Z,,Final,https://data.ntsb.gov/Docket?ProjectID=52944
NYC01LA182,Completed,Accident,52773,false,2001-07-21T14:15:00Z,Mattituck,New York,United States,,N17AV,Piper,PA-28-181,None,false,Aviation,DirectorBrief,,2001-11-06T05:00:00Z,,Final,https://data.ntsb.gov/Docket?ProjectID=52773
NYC01FA127,Completed,Accident,52295,false,2001-05-18T17:25:00Z,Islip,New York,United States,,N270TC,Beech,C90,Serious,false,Aviation,DirectorBrief,,2002-07-25T04:00:00Z,,Final,https://data.ntsb.gov/Docket?ProjectID=52295
NYC01LA087,Completed,Accident,51919,false,2001-03-10T18:00:00Z,Islip,New York,United States,,N9077F,Robinson,R-22,Minor,false,Aviation,DirectorBrief,,2001-07-30T04:00:00Z,,Final,https://data.ntsb.gov/Docket?ProjectID=51919
NYC01LA039,Completed,Accident,50643,false,2000-11-17T16:00:00Z,MONTAUK,New York,United States,,N45175,Grumman American,AA-5B,None,false,Aviation,DirectorBrief,,2001-05-08T04:00:00Z,,Final,https://data.ntsb.gov/Docket?ProjectID=50643
NYC01LA035,Completed,Accident,50627,false,2000-11-13T15:45:00Z,BABYLON,New York,United States,,N25862,Robinson,R-22B,None,false,Aviation,DirectorBrief,,2001-07-02T04:00:00Z,,Final,https://data.ntsb.gov/Docket?ProjectID=50627
NYC01LA020,Completed,Accident,50507,false,2000-10-21T13:30:00Z,SHIRLEY,New York,United States,,N2055T,Schweizer,SGS 2-33A,None,false,Aviation,DirectorBrief,,2001-05-08T04:00:00Z,,Final,https://data.ntsb.gov/Docket?ProjectID=50507
NYC01LA006,Completed,Accident,51296,false,2000-10-09T10:40:00Z,SHIRLEY,New York,United States,,N65671,Cessna,152,None,false,Aviation,DirectorBrief,,2001-05-17T04:00:00Z,,Final,https://data.ntsb.gov/Docket?ProjectID=51296
NYC00LA224,Completed,Accident,49954,false,2000-08-10T14:55:00Z,EAST MORICHES,New York,United States,,N103DP,Cessna,150,Minor,false,Aviation,DirectorBrief,,2001-05-08T04:00:00Z,,Final,https://data.ntsb.gov/Docket?ProjectID=49954
NYC00LA220,Completed,Accident,49905,false,2000-08-05T10:00:00Z,WESTHAMPTON,New York,United States,,N17080,Piper,PA-18,None,false,Aviation,DirectorBrief,,2001-03-02T05:00:00Z,,Final,https://data.ntsb.gov/Docket?ProjectID=49905
NYC00LA093,Completed,Accident,48817,false,2000-03-18T09:41:00Z,FARMINGDALE,New York,United States,,N18AV,Piper,PA-28-151,Serious,false,Aviation,DirectorBrief,,2001-08-13T04:00:00Z,,Final,https://data.ntsb.gov/Docket?ProjectID=48817
NYC00LA021,Completed,Accident,47692,false,1999-10-27T15:38:00Z,WESTBURY,New York,United States,,N350SL,Eurocopter,AS-350-BA,None,false,Aviation,DirectorBrief,,2000-11-30T05:00:00Z,,Final,https://data.ntsb.gov/Docket?ProjectID=47692
IAD99LA058,Completed,Accident,47052,false,1999-08-15T11:31:00Z,ISLIP,New York,United States,,N4066G,Robinson,R-22,None,false,Aviation,DirectorBrief,,2000-11-02T05:00:00Z,,Final,https://data.ntsb.gov/Docket?ProjectID=47052
NYC99LA190,Completed,Accident,47040,false,1999-08-05T17:45:00Z,SHIRLEY,New York,United States,,N8561K,Robinson,R-22A,Minor,false,Aviation,DirectorBrief,,2000-06-22T04:00:00Z,,Final,https://data.ntsb.gov/Docket?ProjectID=47040
IAD99GA056,Completed,Accident,47010,false,1999-08-03T11:31:00Z,ISLIP,New York,United States,,N211PD,Eurocopter,AS-350,Minor,false,Aviation,DirectorBrief,,2001-05-17T04:00:00Z,,Final,https://data.ntsb.gov/Docket?ProjectID=47010
NYC99LA180,Completed,Accident,46970,false,1999-07-08T15:45:00Z,MATTITUCK,New York,United States,,N7164Q,Cessna,172,None,false,Aviation,DirectorBrief,,2000-08-03T04:00:00Z,,Final,https://data.ntsb.gov/Docket?ProjectID=46970
NYC99FA107,Completed,Accident,46286,false,1999-05-07T22:26:00Z,SHIRLEY,New York,United States,,N7068G,Cessna,172K,Fatal,false,Aviation,DirectorBrief,,2000-08-03T04:00:00Z,,Final,https://data.ntsb.gov/Docket?ProjectID=46286
NYC99LA090,Completed,Accident,46080,false,1999-04-15T14:45:00Z,PORT JEFFERSON,New York,United States,,N151RM,Robinson,R-22,None,false,Aviation,DirectorBrief,,2001-04-18T04:00:00Z,,Final,https://data.ntsb.gov/Docket?ProjectID=46080
NYC99LA083,Completed,Accident,46072,false,1999-03-31T10:21:00Z,ORIENT,New York,United States,,N3035Q,Cessna,182K,Minor,false,Aviation,DirectorBrief,,2001-04-25T04:00:00Z,,Final,https://data.ntsb.gov/Docket?ProjectID=46072
NYC99LA044,Completed,Accident,45623,false,1999-01-02T10:30:00Z,FARMINGDALE,New York,United States,,N1857G,Beech,C-24R,Minor,false,Aviation,DirectorBrief,,2001-04-20T04:00:00Z,,Final,https://data.ntsb.gov/Docket?ProjectID=45623
NYC99LA014,Completed,Accident,45274,false,1998-10-21T14:20:00Z,MATTITUCK,New York,United States,,N31869,Piper,PA-28R-201,None,false,Aviation,DirectorBrief,,2001-02-16T05:00:00Z,,Final,https://data.ntsb.gov/Docket?ProjectID=45274
IAD99LA011,Completed,Accident,45147,false,1998-10-20T17:30:00Z,EAST MORICHES,New York,United States,,N4529K,Ryan,NAVION-A,None,false,Aviation,DirectorBrief,,1999-08-03T04:00:00Z,,Final,https://data.ntsb.gov/Docket?ProjectID=45147
NYC98LA193,Completed,Accident,44059,false,1998-09-27T21:04:00Z,ISLIP,New York,United States,,N810EX,Boeing,DHC-8-102,Serious,false,Aviation,DirectorBrief,,1999-09-28T04:00:00Z,,Final,https://data.ntsb.gov/Docket?ProjectID=44059
NYC98LA199,Completed,Accident,47772,false,1998-08-15T18:30:00Z,BROOKHAVEN,New York,United States,,N3141C,Balloon Works,FIREFLY AX-9,Serious,false,Aviation,DirectorBrief,,2000-08-03T04:00:00Z,,Final,https://data.ntsb.gov/Docket?ProjectID=47772
NYC98LA198,Completed,Accident,48385,false,1998-06-19T21:44:00Z,FISHERS ISLAND,New York,United States,,N41SH,Cessna,CE-500,None,false,Aviation,DirectorBrief,,2000-08-03T04:00:00Z,,Final,https://data.ntsb.gov/Docket?ProjectID=48385
NYC98LA108,Completed,Accident,39561,false,1998-05-15T12:58:00Z,FARMINGDALE,New York,United States,,N7SB,Cessna,175B,Minor,false,Aviation,DirectorBrief,,2001-02-15T05:00:00Z,,Final,https://data.ntsb.gov/Docket?ProjectID=39561
NYC98LA064,Completed,Accident,39531,false,1998-02-01T17:15:00Z,EAST MORICHES,New York,United States,,N7275E,Cessna,182,None,false,Aviation,DirectorBrief,,1998-12-31T05:00:00Z,,Final,https://data.ntsb.gov/Docket?ProjectID=39531
NYC98LA037,Completed,Accident,39508,false,1997-12-01T20:00:00Z,MORICHES,New York,United States,,N758YR,Cessna,A152,Serious,false,Aviation,DirectorBrief,,2000-02-28T05:00:00Z,,Final,https://data.ntsb.gov/Docket?ProjectID=39508
IAD98LA010,Completed,Accident,28265,false,1997-11-04T17:13:00Z,FARMINGDALE,New York,United States,,N1469X,Piper,PA-28-140,Minor,false,Aviation,DirectorBrief,,2000-06-21T04:00:00Z,,Final,https://data.ntsb.gov/Docket?ProjectID=28265
NYC97LA134,Completed,Accident,39393,false,1997-07-04T13:15:00Z,MONTAUK,New York,United States,,N280DM,Martin,VELOCITY RG,Minor,false,Aviation,DirectorBrief,,1998-04-24T04:00:00Z,,Final,https://data.ntsb.gov/Docket?ProjectID=39393
IAD97FA079,Completed,Accident,28133,false,1997-05-31T20:13:00Z,MELVILLE,New York,United States,,N6337J,Piper,PA-28-180,Fatal,false,Aviation,DirectorBrief,,2000-02-29T05:00:00Z,,Final,https://data.ntsb.gov/Docket?ProjectID=28133
NYC97LA082,Completed,Accident,39349,false,1997-04-30T14:00:00Z,MATTITUCK,New York,United States,,N6733Y,Beech,F33A,None,false,Aviation,DirectorBrief,,1998-09-04T04:00:00Z,,Final,https://data.ntsb.gov/Docket?ProjectID=39349
NYC97FA069,Completed,Accident,39271,false,1997-04-06T14:54:00Z,FARMINGVILLE,New York,United States,,N4400T,Piper,PA-28-180,Serious,false,Aviation,DirectorBrief,,1998-09-04T04:00:00Z,,Final,https://data.ntsb.gov/Docket?ProjectID=39271
IAD97LA037,Completed,Accident,28170,false,1996-12-22T09:40:00Z,ISLIP,New York,United States,,N8414H,Robinson,R22 HP,None,false,Aviation,DirectorBrief,,1998-03-31T05:00:00Z,,Final,https://data.ntsb.gov/Docket?ProjectID=28170
NYC97FA030,Completed,Accident,39265,false,1996-12-16T19:40:00Z,BOHEMIA,New York,United States,,N425EW,Cessna,425,Fatal,false,Aviation,DirectorBrief,,1998-02-02T05:00:00Z,,Final,https://data.ntsb.gov/Docket?ProjectID=39265
NYC96LA186,Completed,Accident,39243,false,1996-09-21T10:47:00Z,ISLIP,New York,United States,,N3375X,Mooney,M20K,None,false,Aviation,DirectorBrief,,1997-06-30T04:00:00Z,,Final,https://data.ntsb.gov/Docket?ProjectID=39243
NYC96LA184,Completed,Accident,39241,false,1996-09-16T11:15:00Z,SHIRLEY,New York,United States,,N737GJ,Cessna,172N,None,false,Aviation,DirectorBrief,,1997-04-29T04:00:00Z,,Final,https://data.ntsb.gov/Docket?ProjectID=39241
DCA96MA070,Completed,Accident,11011,false,1996-07-17T19:31:00Z,EAST MORICHES,New York,United States,AAR0003,N93119,Boeing,747-131,Fatal,true,Aviation,Report,2014-04-14T20:20:00Z,2000-08-23T04:00:00Z,,Final,https://data.ntsb.gov/Docket?ProjectID=11011
NYC96LA088,Completed,Accident,39166,false,1996-04-06T17:45:00Z,FARMINGDALE,New York,United States,,N67562,Cessna,152,None,false,Aviation,DirectorBrief,,1996-12-10T05:00:00Z,,Final,https://data.ntsb.gov/Docket?ProjectID=39166
NYC96LA060,Completed,Accident,39148,false,1996-02-07T10:30:00Z,MATTITUCK,New York,United States,,N757PS,Cessna,152,Minor,false,Aviation,DirectorBrief,,1996-08-20T04:00:00Z,,Final,https://data.ntsb.gov/Docket?ProjectID=39148
NYC96LA042,Completed,Accident,39135,false,1995-12-23T12:35:00Z,EAST HAMPTON,New York,United States,,N2970J,Cessna,150G,None,false,Aviation,DirectorBrief,,1996-06-22T04:00:00Z,,Final,https://data.ntsb.gov/Docket?ProjectID=39135
NYC96LA008,Completed,Accident,39110,false,1995-10-14T17:22:00Z,BETHPAGE,New York,United States,,N2544W,Beech,B24R,Minor,false,Aviation,DirectorBrief,,1996-06-07T04:00:00Z,,Final,https://data.ntsb.gov/Docket?ProjectID=39110
BFO95FA097,Completed,Accident,9005,false,1995-09-24T16:05:00Z,FARMINGDALE,New York,United States,,N3176G,Beech,F33A,Fatal,false,Aviation,DirectorBrief,,1996-11-11T05:00:00Z,,Final,https://data.ntsb.gov/Docket?ProjectID=9005
NYC95LA214,Completed,Accident,39045,false,1995-09-04T13:25:00Z,FIRE ISLAND,New York,United States,,N4171G,GILLET,C.P. 328,Fatal,false,Aviation,DirectorBrief,,1996-05-29T04:00:00Z,,Final,https://data.ntsb.gov/Docket?ProjectID=39045
BFO95FA082,Completed,Accident,9004,false,1995-08-19T13:40:00Z,EAST MORICHES,New York,United States,,N86587,Bellanca,8GCBC,Fatal,true,Aviation,DirectorBrief,,1996-04-29T04:00:00Z,,Final,https://data.ntsb.gov/Docket?ProjectID=9004
NYC95LA140,Completed,Accident,38984,false,1995-07-04T12:30:00Z,BAYPORT,New York,United States,,N583Y,NICOLAS BEASELY,NB-8,None,false,Aviation,DirectorBrief,,1995-12-19T05:00:00Z,,Final,https://data.ntsb.gov/Docket?ProjectID=38984
NYC95LA089,Completed,Accident,38945,false,1995-04-18T15:00:00Z,FARMINGDALE,New York,United States,,N188AV,Piper,PA-28-151,None,false,Aviation,DirectorBrief,,1995-08-23T04:00:00Z,,Final,https://data.ntsb.gov/Docket?ProjectID=38945
BFO95LA039,Completed,Accident,9035,false,1995-04-02T12:36:00Z,BAYPORT,New York,United States,,N70234,Piper,J3-C65,Serious,false,Aviation,DirectorBrief,,1995-10-19T04:00:00Z,,Final,https://data.ntsb.gov/Docket?ProjectID=9035
NYC95LA021,Completed,Accident,38895,false,1994-11-05T15:00:00Z,SAYVILLE,New York,United States,,N48190,Boeing,A-75N1,Fatal,false,Aviation,DirectorBrief,,1995-06-29T04:00:00Z,,Final,https://data.ntsb.gov/Docket?ProjectID=38895
NYC95LA008,Completed,Accident,38884,false,1994-10-12T12:27:00Z,AMITYVILLE,New York,United States,,N601AV,Beech,A36,Serious,false,Aviation,DirectorBrief,,1996-01-19T05:00:00Z,,Final,https://data.ntsb.gov/Docket?ProjectID=38884
NYC94LA184,Completed,Accident,38836,false,1994-09-28T19:45:00Z,EAST MORICHES,New York,United States,,N5112E,Cessna,180B,Serious,false,Aviation,DirectorBrief,,1995-01-26T05:00:00Z,,Final,https://data.ntsb.gov/Docket?ProjectID=38836
NYC94FA176,Completed,Accident,38689,false,1994-09-11T11:11:00Z,FARMINGDALE,New York,United States,,N317TW,WDL,1B,None,false,Aviation,DirectorBrief,,1995-10-13T04:00:00Z,,Final,https://data.ntsb.gov/Docket?ProjectID=38689
NYC94LA111,Completed,Accident,38779,false,1994-06-29T13:45:00Z,EAST HAMPTON,New York,United States,,N606TW,Boeing,767-200,Serious,false,Aviation,DirectorBrief,,1994-12-02T05:00:00Z,,Final,https://data.ntsb.gov/Docket?ProjectID=38779
NYC94LA101,Completed,Accident,38770,false,1994-06-20T15:04:00Z,EAST QUOGUE,New York,United States,,N64628,Jones,THORP T-18,Minor,false,Aviation,DirectorBrief,,1995-02-14T05:00:00Z,,Final,https://data.ntsb.gov/Docket?ProjectID=38770
BFO94LA085,Completed,Accident,8925,false,1994-06-01T23:00:00Z,EAST MORICHES,New York,United States,,N263MP,PECCHIO,MARCHETTI 263MP,Fatal,false,Aviation,DirectorBrief,,1995-08-31T04:00:00Z,,Final,https://data.ntsb.gov/Docket?ProjectID=8925
NYC94LA079,Completed,Accident,38750,false,1994-05-13T17:35:00Z,HEMPSTEAD,New York,United States,,N30NC,Cessna,A185F,Minor,false,Aviation,DirectorBrief,,1994-11-18T05:00:00Z,,Final,https://data.ntsb.gov/Docket?ProjectID=38750
NYC94FA052,Completed,Accident,38667,false,1994-03-03T20:16:00Z,WESTHAMPTON,New York,United States,,N512SK,Cessna,340,Fatal,false,Aviation,DirectorBrief,1995-06-06T08:44:00Z,1994-11-18T05:00:00Z,,Final,https://data.ntsb.gov/Docket?ProjectID=38667
BFO94LA009,Completed,Accident,8867,false,1993-11-13T12:17:00Z,RIVERHEAD,New York,United States,,N46897,Cessna,152,None,false,Aviation,DirectorBrief,,1994-08-17T04:00:00Z,,Final,https://data.ntsb.gov/Docket?ProjectID=8867
NYC94FA004,Completed,Accident,38656,false,1993-10-06T12:35:00Z,EAST HAMPTON,New York,United States,,N10GL,Piper,PA-23-250,Fatal,false,Aviation,DirectorBrief,,1994-09-30T04:00:00Z,,Final,https://data.ntsb.gov/Docket?ProjectID=38656
NYC93LA176,Completed,Accident,38649,false,1993-08-28T15:35:00Z,FIRE ISLAND,New York,United States,,N5029L,Champion,CITABRIA 7-GCBC,Minor,false,Aviation,DirectorBrief,,1994-06-22T04:00:00Z,,Final,https://data.ntsb.gov/Docket?ProjectID=38649
NYC93FA154,Completed,Accident,38588,false,1993-08-14T19:30:00Z,EAST MORICHES,New York,United States,,N5010D,Cessna,182A,Fatal,false,Aviation,DirectorBrief,,1994-08-26T04:00:00Z,,Final,https://data.ntsb.gov/Docket?ProjectID=38588
NYC93LA139,Completed,Accident,38619,false,1993-06-28T18:45:00Z,EAST MORICHES,New York,United States,,UNREG,Titan Aircraft,TORNADO,Fatal,false,Aviation,DirectorBrief,,1994-08-30T04:00:00Z,,Final,https://data.ntsb.gov/Docket?ProjectID=38619
NYC93LA117,Completed,Accident,38606,false,1993-06-18T12:39:00Z,HOLBROOK,New York,United States,,N735CA,Cessna,182Q,Minor,false,Aviation,DirectorBrief,,1994-09-13T04:00:00Z,,Final,https://data.ntsb.gov/Docket?ProjectID=38606
BFO93LA083,Completed,Accident,11942,false,1993-05-12T17:55:00Z,SHIRLEY,New York,United States,,N8612V,Bellanca,7KCAB,Minor,false,Aviation,DirectorBrief,,1993-11-03T05:00:00Z,,Final,https://data.ntsb.gov/Docket?ProjectID=11942
NYC93LA087,Completed,Accident,37312,false,1993-04-19T11:03:00Z,MELVILLE,New York,United States,,N601MS,Cessna,150L,Minor,false,Aviation,DirectorBrief,,1993-11-19T05:00:00Z,,Final,https://data.ntsb.gov/Docket?ProjectID=37312
NYC93LA083,Completed,Accident,37308,false,1993-04-14T16:18:00Z,RONKONKOMA,New York,United States,,N344WA,Robinson,R22B,None,false,Aviation,DirectorBrief,,1993-11-19T05:00:00Z,,Final,https://data.ntsb.gov/Docket?ProjectID=37308
NYC93LA081,Completed,Accident,37307,false,1993-04-13T15:30:00Z,FARMINGDALE,New York,United States,,N440AV,Piper,PA-28-161,None,false,Aviation,DirectorBrief,,1993-11-19T05:00:00Z,,Final,https://data.ntsb.gov/Docket?ProjectID=37307
NYC93LA077,Completed,Accident,37305,false,1993-04-09T17:00:00Z,EAST MORICHES,New York,United States,,UNREG,FAWCETT,TITAN TORNADO,None,false,Aviation,DirectorBrief,,1993-12-03T05:00:00Z,,Final,https://data.ntsb.gov/Docket?ProjectID=37305
BFO93LA054,Completed,Accident,11920,false,1993-03-22T12:20:00Z,BABYLON,New York,United States,,N56153,Piper,PA-28R-200,None,false,Aviation,DirectorBrief,,1993-11-03T05:00:00Z,,Final,https://data.ntsb.gov/Docket?ProjectID=11920
BFO93LA021,Completed,Accident,11894,false,1993-01-14T17:20:00Z,MANORHAVEN,New York,United States,,CFAXE,Piper,PA-22-108,Minor,false,Aviation,DirectorBrief,,1993-10-13T04:00:00Z,,Final,https://data.ntsb.gov/Docket?ProjectID=11894
BFO92LA027,Completed,Accident,11762,false,1992-01-30T07:10:00Z,WEST HEMPSTEAD,New York,United States,,N7673U,Cessna,150M,None,false,Aviation,DirectorBrief,,1993-08-13T04:00:00Z,,Final,https://data.ntsb.gov/Docket?ProjectID=11762
NYC92DHJ01,Completed,Accident,37035,false,1991-10-13T15:10:00Z,MORICHES,New York,United States,,N8182K,CHALLENGER II,BOMBADIER,Fatal,false,Aviation,DirectorBrief,,1993-04-23T04:00:00Z,,Final,https://data.ntsb.gov/Docket?ProjectID=37035
NYC91LA214,Completed,Accident,36992,false,1991-08-17T07:45:00Z,MONTAUK,New York,United States,,N4368W,Piper,PA-32-301,Minor,false,Aviation,DirectorBrief,,1993-05-27T04:00:00Z,,Final,https://data.ntsb.gov/Docket?ProjectID=36992
NYC91FA212,Completed,Accident,36807,false,1991-08-16T15:21:00Z,BROOKHAVEN,New York,United States,,N104SB,Beech,58,Fatal,false,Aviation,DirectorBrief,,1993-05-05T04:00:00Z,,Final,https://data.ntsb.gov/Docket?ProjectID=36807
NYC91LA098,Completed,Accident,36897,false,1991-04-02T10:45:00Z,BAYPORT,New York,United States,,N506DF,Cessna,152,None,false,Aviation,DirectorBrief,,1993-05-05T04:00:00Z,,Final,https://data.ntsb.gov/Docket?ProjectID=36897
NYC91LA071,Completed,Accident,36875,false,1991-02-02T16:37:00Z,CORAM,New York,United States,,N8555K,Robinson,R-22 ALPHA,None,false,Aviation,DirectorBrief,,1993-05-07T04:00:00Z,,Final,https://data.ntsb.gov/Docket?ProjectID=36875
NYC90LA209,Completed,Accident,36731,false,1990-09-01T15:45:00Z,MONTAUK,New York,United States,,N4324Q,Cessna,172L,Fatal,false,Aviation,DirectorBrief,,1992-11-09T05:00:00Z,,Final,https://data.ntsb.gov/Docket?ProjectID=36731
NYC90LA197,Completed,Accident,36719,false,1990-08-17T16:10:00Z,ISLIP,New York,United States,,N9069Z,Robinson,R-22HP,None,false,Aviation,DirectorBrief,,1992-12-08T05:00:00Z,,Final,https://data.ntsb.gov/Docket?ProjectID=36719
NYC90LA195,Completed,Accident,36717,false,1990-08-16T11:15:00Z,SHIRLEY,New York,United States,,N6513R,Beech,BE-19,Serious,false,Aviation,DirectorBrief,,1992-10-02T04:00:00Z,,Final,https://data.ntsb.gov/Docket?ProjectID=36717
NYC90FA192,Completed,Accident,36545,false,1990-08-14T14:34:00Z,SALTAIRE,New York,United States,,N4190Y,Bellanca,7GCAA,Fatal,false,Aviation,DirectorBrief,,1992-12-30T05:00:00Z,,Final,https://data.ntsb.gov/Docket?ProjectID=36545
NYC90LA177,Completed,Accident,36703,false,1990-07-29T08:10:00Z,SHIRLEY,New York,United States,,N9030Z,Robinson,R22HP,None,false,Aviation,DirectorBrief,,1992-11-09T05:00:00Z,,Final,https://data.ntsb.gov/Docket?ProjectID=36703
NYC90LA164,Completed,Accident,36693,false,1990-07-14T16:10:00Z,SHIRLEY,New York,United States,,N44HH,Piper,PA-23,Minor,false,Aviation,DirectorBrief,,1992-12-14T05:00:00Z,,Final,https://data.ntsb.gov/Docket?ProjectID=36693
NYC90DHJ01,Completed,Accident,36500,false,1990-05-12T15:34:00Z,EAST MORICHES,New York,United States,,UNREG,TOUSSAINT/QUAD CITY,CHALLENGER II,Fatal,false,Aviation,DirectorBrief,,1994-12-19T05:00:00Z,,Final,https://data.ntsb.gov/Docket?ProjectID=36500
NYC90LA082,Completed,Accident,36623,false,1990-03-25T14:00:00Z,BROOKHAVEN,New York,United States,,N2055T,Schweizer,S2-33A,Serious,false,Aviation,DirectorBrief,,1992-09-28T04:00:00Z,,Final,https://data.ntsb.gov/Docket?ProjectID=36623
DCA90MA019,Completed,Accident,15935,false,1990-01-25T21:34:00Z,COVE NECK,New York,United States,AAR9104,HK201,Boeing,707-321B,Fatal,true,Aviation,Report,,1993-05-10T04:00:00Z,,Final,https://data.ntsb.gov/Docket?ProjectID=15935
NYC90FA024,Completed,Accident,36513,false,1989-11-05T13:57:00Z,BAYPORT,New York,United States,,N19464,Cessna,145,Serious,false,Aviation,DirectorBrief,,1991-09-30T04:00:00Z,,Final,https://data.ntsb.gov/Docket?ProjectID=36513
NYC90LA015,Completed,Accident,36572,false,1989-10-19T07:20:00Z,BETHPAGE,New York,United States,,N8024W,Robinson,R22,None,false,Aviation,DirectorBrief,,1992-07-22T04:00:00Z,,Final,https://data.ntsb.gov/Docket?ProjectID=36572
NYC89LA214,Completed,Accident,36479,false,1989-09-09T17:45:00Z,BAYPORT,New York,United States,,N734UG,Cessna,172N,None,false,Aviation,DirectorBrief,,1991-09-30T04:00:00Z,,Final,https://data.ntsb.gov/Docket?ProjectID=36479
NYC89LA186,Completed,Accident,36454,false,1989-08-05T10:15:00Z,SHIRLEY,New York,United States,,N5084X,Champion,7KCAB,Minor,false,Aviation,DirectorBrief,,1992-06-02T04:00:00Z,,Final,https://data.ntsb.gov/Docket?ProjectID=36454
NYC89LA182,Completed,Accident,36452,false,1989-08-03T14:30:00Z,MATTITUCK,New York,United States,,N1707H,Piper,PA-28R-201,None,false,Aviation,DirectorBrief,,1992-06-02T04:00:00Z,,Final,https://data.ntsb.gov/Docket?ProjectID=36452
NYC89LA141,Completed,Accident,36416,false,1989-05-31T17:05:00Z,WADING RIVER,New York,United States,,N501RS,Bell,206-L,None,false,Aviation,DirectorBrief,,1992-06-25T04:00:00Z,,Final,https://data.ntsb.gov/Docket?ProjectID=36416
NYC89LA110,Completed,Accident,36391,false,1989-03-29T15:55:00Z,FARMINGDALE,New York,United States,,N2553X,Robinson,R-22B,None,false,Aviation,DirectorBrief,,1991-01-31T05:00:00Z,,Final,https://data.ntsb.gov/Docket?ProjectID=36391
NYC89LA075,Completed,Accident,36370,false,1989-01-28T13:00:00Z,FIRE ISLAND,New York,United States,,N25420,Cessna,152,None,false,Aviation,DirectorBrief,,1990-05-22T04:00:00Z,,Final,https://data.ntsb.gov/Docket?ProjectID=36370
NYC89LA068,Completed,Accident,36365,false,1989-01-18T14:04:00Z,RONKONKOMA,New York,United States,,N9021M,Robinson,R-22HP,Serious,false,Aviation,DirectorBrief,,1990-01-31T05:00:00Z,,Final,https://data.ntsb.gov/Docket?ProjectID=36365
NYC89LA070,Completed,Accident,36367,false,1989-01-14T12:00:00Z,SHIRLEY,New York,United States,,N6888G,Cessna,150L,None,false,Aviation,DirectorBrief,,1991-01-31T05:00:00Z,,Final,https://data.ntsb.gov/Docket?ProjectID=36367
NYC89FA033,Completed,Accident,36259,false,1988-11-18T16:46:00Z,SHIRLEY,New York,United States,,N8697A,Beech,A35,Fatal,false,Aviation,DirectorBrief,,1990-10-16T04:00:00Z,,Final,https://data.ntsb.gov/Docket?ProjectID=36259
NYC89LA027,Completed,Accident,36334,false,1988-11-13T17:35:00Z,MONTAUK,New York,United States,,N722BH,Beech,A36,Serious,false,Aviation,DirectorBrief,,1990-01-16T05:00:00Z,,Final,https://data.ntsb.gov/Docket?ProjectID=36334
NYC89LA010,Completed,Accident,36321,false,1988-10-10T07:30:00Z,FARMINGDALE,New York,United States,,N37273,Beech,77,None,false,Aviation,DirectorBrief,,1989-12-29T05:00:00Z,,Final,https://data.ntsb.gov/Docket?ProjectID=36321
NYC88DHJ01,Completed,Accident,35981,false,1988-08-03T12:10:00Z,SHIRLEY,New York,United States,,N7613,Stolp Starduster Corp.,SA-300,Serious,false,Aviation,DirectorBrief,,1991-06-10T04:00:00Z,,Final,https://data.ntsb.gov/Docket?ProjectID=35981
NYC88LA174,Completed,Accident,36176,false,1988-07-01T19:19:00Z,EAST HAMPTON,New York,United States,,N62771,Piper,PA-23-250,Serious,false,Aviation,DirectorBrief,,1989-06-09T04:00:00Z,,Final,https://data.ntsb.gov/Docket?ProjectID=36176
NYC88LA165,Completed,Accident,36169,false,1988-06-14T19:30:00Z,WANTAGH,New York,United States,,N6110V,Lake,LA-4-200,Serious,false,Aviation,DirectorBrief,,1989-12-29T05:00:00Z,,Final,https://data.ntsb.gov/Docket?ProjectID=36169
NYC88LA145,Completed,Accident,36151,false,1988-05-21T14:15:00Z,BROOKHAVEN,New York,United States,,N96193,Taylorcraft,BC-12D,None,false,Aviation,DirectorBrief,,1990-06-11T04:00:00Z,,Final,https://data.ntsb.gov/Docket?ProjectID=36151
NYC88FA143,Completed,Accident,36001,false,1988-05-12T15:51:00Z,FARMINGDALE,New York,United States,,N39071,Bell,206B,Minor,false,Aviation,DirectorBrief,,1990-01-24T05:00:00Z,,Final,https://data.ntsb.gov/Docket?ProjectID=36001
NYC88LA079,Completed,Accident,36093,false,1988-02-11T13:50:00Z,EAST HAMPTON,New York,United States,,N52535,Cessna,172P,Fatal,false,Aviation,DirectorBrief,,1989-09-11T04:00:00Z,,Final,https://data.ntsb.gov/Docket?ProjectID=36093
NYC87FA249,Completed,Accident,30512,false,1987-09-11T14:01:00Z,RIVERHEAD,New York,United States,,N15917,Piper,PA-28-180,Fatal,false,Aviation,DirectorBrief,,1989-06-16T04:00:00Z,,Final,https://data.ntsb.gov/Docket?ProjectID=30512
NYC87FA240,Completed,Accident,30509,false,1987-08-28T11:21:00Z,KINGS POINT,New York,United States,,N3025W,Piper,PA-28RT-201T,Fatal,false,Aviation,DirectorBrief,,1989-07-03T04:00:00Z,,Final,https://data.ntsb.gov/Docket?ProjectID=30509
NYC87DHJ02,Completed,Accident,30445,false,1987-08-22T08:28:00Z,MATTITUCK,New York,United States,,N2262N,REDER,KR-2,Fatal,false,Aviation,DirectorBrief,,1989-06-16T04:00:00Z,,Final,https://data.ntsb.gov/Docket?ProjectID=30445
NYC87LA231,Completed,Accident,30718,false,1987-08-11T13:00:00Z,ISLIP,New York,United States,,"N9425D, N4868N","Cessna, Cessna","172, 182",None,false,Aviation,DirectorBrief,,1989-05-26T04:00:00Z,,Final,https://data.ntsb.gov/Docket?ProjectID=30718
NYC87LA203,Completed,Accident,30695,false,1987-07-13T11:30:00Z,MATTITUCK,New York,United States,,N36509,Piper,PA-28-160,None,false,Aviation,DirectorBrief,,1989-03-31T05:00:00Z,,Final,https://data.ntsb.gov/Docket?ProjectID=30695
NYC87LA164,Completed,Accident,30663,false,1987-06-05T15:20:00Z,PORT WASHINGTON,New York,United States,,N120RM,Bell,206L,Minor,false,Aviation,DirectorBrief,,1989-05-16T04:00:00Z,,Final,https://data.ntsb.gov/Docket?ProjectID=30663
NYC87LA155,Completed,Accident,30655,false,1987-05-24T12:18:00Z,FARMINGDALE,New York,United States,,N65370,North American,SNJ-2,None,false,Aviation,DirectorBrief,,1989-03-31T05:00:00Z,,Final,https://data.ntsb.gov/Docket?ProjectID=30655
NYC87LA065,Completed,Accident,30584,false,1987-01-24T16:02:00Z,BABYLON,New York,United States,,N9555Y,Beech,95-A55,None,false,Aviation,DirectorBrief,,1988-10-07T04:00:00Z,,Final,https://data.ntsb.gov/Docket?ProjectID=30584
NYC87LA047,Completed,Accident,30569,false,1986-12-06T11:25:00Z,EAST MORICHES,New York,United States,,N26057,Piper,J-3,None,false,Aviation,DirectorBrief,,,,Final,https://data.ntsb.gov/Docket?ProjectID=30569
NYC87FA020,Completed,Accident,30468,false,1986-10-16T14:20:00Z,FISHERS ISLAND,New York,United States,,"N2830Y, N3962M","Cessna, Piper","182E, PA-28-181",Fatal,false,Aviation,DirectorBrief,,1988-08-11T04:00:00Z,,Final,https://data.ntsb.gov/Docket?ProjectID=30468
NYC87LA017,Completed,Accident,30548,false,1986-10-11T12:00:00Z,PORT JEFFERSON,New York,United States,,N67903,Cessna,C-152,None,false,Aviation,DirectorBrief,,1988-04-25T04:00:00Z,,Final,https://data.ntsb.gov/Docket?ProjectID=30548
NYC87DHJ01,Completed,Accident,30444,false,1986-10-05T13:40:00Z,FARMINGDALE,New York,United States,,N66256,Cessna,150M,Serious,false,Aviation,DirectorBrief,,1988-01-25T05:00:00Z,,Final,https://data.ntsb.gov/Docket?ProjectID=30444
NYC86LA198,Completed,Accident,30396,false,1986-08-05T15:39:00Z,FARMINGDALE,New York,United States,,N9359T,Piper,PA-38-112,Minor,false,Aviation,DirectorBrief,,,,Final,https://data.ntsb.gov/Docket?ProjectID=30396
NYC86LA188,Completed,Accident,30387,false,1986-07-27T11:27:00Z,FARMINGDALE,New York,United States,,N83BA,Beech,BE-20,None,false,Aviation,DirectorBrief,,1988-04-25T04:00:00Z,,Final,https://data.ntsb.gov/Docket?ProjectID=30387
BFO86IA031,Completed,Incident,11233,false,1986-05-30T13:54:00Z,CALVERTON,New York,United States,,"N1310T, USN","Douglas, Grumman","DC-9-31, F-14A",None,false,Aviation,DirectorBrief,,1988-10-28T04:00:00Z,,Final,https://data.ntsb.gov/Docket?ProjectID=11233
NYC86LA074,Completed,Accident,30299,false,1986-02-12T14:56:00Z,FARMINGDALE,New York,United States,,"N80827, N8298A","UNIVERSAL AIRCRAFT INDUSTRIES, Piper","GC-1B, PA-28RT-201T",None,false,Aviation,DirectorBrief,,,,Final,https://data.ntsb.gov/Docket?ProjectID=30299
NYC86LA064,Completed,Accident,30290,false,1986-01-19T22:09:00Z,FARMINGDALE,New York,United States,,N34069,Cessna,177RG,Minor,false,Aviation,DirectorBrief,,,,Final,https://data.ntsb.gov/Docket?ProjectID=30290
NYC86LA047,Completed,Accident,30276,false,1985-12-04T13:45:00Z,EAST MORICHES,New York,United States,,N3530S,Cessna,172,None,false,Aviation,DirectorBrief,,,,Final,https://data.ntsb.gov/Docket?ProjectID=30276
NYC85FHJ04,Completed,Accident,35608,false,1985-09-30T14:30:00Z,MONTAUK,New York,United States,,N6525J,Cessna,172,None,false,Aviation,DirectorBrief,,,,Final,https://data.ntsb.gov/Docket?ProjectID=35608
NYC85LA246,Completed,Accident,35968,false,1985-09-21T10:00:00Z,BAYPORT,New York,United States,,N7505P,Piper,PA-24-180,None,false,Aviation,DirectorBrief,,,,Final,https://data.ntsb.gov/Docket?ProjectID=35968
NYC85FHJ06,Completed,Accident,35610,false,1985-09-19T11:45:00Z,RONKONKOMA,New York,United States,,N90716,Robinson,R-22,Serious,false,Aviation,DirectorBrief,,,,Final,https://data.ntsb.gov/Docket?ProjectID=35610
NYC85LA221,Completed,Accident,35954,false,1985-08-24T08:58:00Z,RONKONKOMA,New York,United States,,N90773,Robinson,R22,None,false,Aviation,DirectorBrief,,,,Final,https://data.ntsb.gov/Docket?ProjectID=35954
NYC85LA175,Completed,Accident,35913,false,1985-07-17T08:08:00Z,FARMINGDALE,New York,United States,,N333FY,Grumman,AA-1C,None,false,Aviation,DirectorBrief,,,,Final,https://data.ntsb.gov/Docket?ProjectID=35913
NYC85LA172,Completed,Accident,35910,false,1985-07-14T15:30:00Z,CALVERTON,New York,United States,,N9031S,Beech,36,None,false,Aviation,DirectorBrief,,,,Final,https://data.ntsb.gov/Docket?ProjectID=35910
NYC85FA098,Completed,Accident,35803,false,1985-04-04T10:05:00Z,RONKONKOMA,New York,United States,,N1022Q,Cessna,310H,Fatal,false,Aviation,DirectorBrief,,,,Final,https://data.ntsb.gov/Docket?ProjectID=35803
NYC85LA006,Completed,Accident,35630,false,1984-10-07T17:00:00Z,CORAM,New York,United States,,N76BP,Champion,7KCAB,None,false,Aviation,DirectorBrief,,,,Final,https://data.ntsb.gov/Docket?ProjectID=35630
NYC84LA300,Completed,Accident,35757,false,1984-09-01T12:10:00Z,MONTAUK,New York,United States,,N9485P,Piper,PA-24-260C,None,false,Aviation,DirectorBrief,,,,Final,https://data.ntsb.gov/Docket?ProjectID=35757
NYC84FHJ02,Completed,Accident,35397,false,1984-08-24T15:45:00Z,EAST MORICHES,New York,United States,,N5291G,Cessna,305A,None,false,Aviation,DirectorBrief,,,,Final,https://data.ntsb.gov/Docket?ProjectID=35397
NYC84LA284,Completed,Accident,35744,false,1984-08-19T11:25:00Z,FISHERS ISLAND,New York,United States,,N6666C,Hughes,369D,Minor,false,Aviation,DirectorBrief,,,,Final,https://data.ntsb.gov/Docket?ProjectID=35744
NYC84LA286,Completed,Accident,35746,false,1984-08-17T18:41:00Z,ISLIP,New York,United States,,N739SF,Cessna,172,None,false,Aviation,DirectorBrief,,,,Final,https://data.ntsb.gov/Docket?ProjectID=35746
NYC84FA234,Completed,Accident,35355,false,1984-07-08T18:52:00Z,SHELTER ISLAND,New York,United States,,N927M,Beech,95,Fatal,false,Aviation,DirectorBrief,,,,Final,https://data.ntsb.gov/Docket?ProjectID=35355
NYC84LA221,Completed,Accident,35693,false,1984-06-25T04:00:00Z,MONTAUK,New York,United States,,N555HM,Cessna,206,None,false,Aviation,DirectorBrief,,,,Final,https://data.ntsb.gov/Docket?ProjectID=35693
NYC84LA219,Completed,Accident,35691,false,1984-06-23T14:00:00Z,AMITYVILLE,New York,United States,,N6209V,Lake,LA-4-200,None,false,Aviation,DirectorBrief,,,,Final,https://data.ntsb.gov/Docket?ProjectID=35691
NYC84LA176,Completed,Accident,35561,false,1984-05-16T15:15:00Z,SAYVILLE,New York,United States,,N73748,Cessna,172,None,false,Aviation,DirectorBrief,,,,Final,https://data.ntsb.gov/Docket?ProjectID=35561
NYC84FA158,Completed,Accident,35338,false,1984-05-06T14:50:00Z,SHIRLEY,New York,United States,,N4410Z,Piper,PA-18-150,Fatal,false,Aviation,DirectorBrief,,,,Final,https://data.ntsb.gov/Docket?ProjectID=35338
NYC84FHJ01,Completed,Accident,35396,false,1984-02-02T17:30:00Z,HAUPPAUGE,New York,United States,,N199MG,GORDON,TEENIE TWO,None,false,Aviation,DirectorBrief,,,,Final,https://data.ntsb.gov/Docket?ProjectID=35396
NYC84LA035,Completed,Accident,35472,false,1983-11-21T12:40:00Z,FARMINGDALE,New York,United States,,N557FL,Piper,PA-28-140,None,false,Aviation,DirectorBrief,,,,Final,https://data.ntsb.gov/Docket?ProjectID=35472
NYC84LA044,Completed,Accident,35477,false,1983-11-19T16:00:00Z,BAYPORT,New York,United States,,N692MA,Cessna,177,None,false,Aviation,DirectorBrief,,,,Final,https://data.ntsb.gov/Docket?ProjectID=35477
NYC84LA034,Completed,Accident,35471,false,1983-11-18T21:15:00Z,SHIRLEY,New York,United States,,N704MQ,Cessna,150,None,false,Aviation,DirectorBrief,,,,Final,https://data.ntsb.gov/Docket?ProjectID=35471
NYC83LA243,Completed,Accident,35276,false,1983-09-15T15:00:00Z,FISHERS ISLAND,New York,United States,,N1856V,Cessna,140,None,false,Aviation,DirectorBrief,,,,Final,https://data.ntsb.gov/Docket?ProjectID=35276
NYC83LA220,Completed,Accident,35258,false,1983-08-22T20:43:00Z,ISLIP,New York,United States,,N757PS,Cessna,152,None,false,Aviation,DirectorBrief,,,,Final,https://data.ntsb.gov/Docket?ProjectID=35258
NYC83FA203,Completed,Accident,35069,false,1983-08-05T21:20:00Z,FISHERS ISLAND,New York,United States,,N6877J,Piper,PA-28-181,Fatal,false,Aviation,DirectorBrief,,,,Final,https://data.ntsb.gov/Docket?ProjectID=35069
NYC83FA193,Completed,Accident,35067,false,1983-07-28T15:15:00Z,BAYPORT,New York,United States,,N6878S,North American Rockwell Corp.,680,Fatal,false,Aviation,DirectorBrief,,,,Final,https://data.ntsb.gov/Docket?ProjectID=35067
NYC83FA171,Completed,Accident,35059,false,1983-07-11T16:58:00Z,FARMINGDALE,New York,United States,,N90DD,Stinson,108,Fatal,false,Aviation,DirectorBrief,,,,Final,https://data.ntsb.gov/Docket?ProjectID=35059
NYC83LA196,Completed,Accident,35242,false,1983-07-07T11:00:00Z,NORTHVILLE,New York,United States,,N3703D,Cessna,182,None,false,Aviation,DirectorBrief,,,,Final,https://data.ntsb.gov/Docket?ProjectID=35242
NYC83LA156,Completed,Accident,35214,false,1983-06-27T07:00:00Z,SHELTER ISLAND,New York,United States,,N5615V,Piper,PA-28-181,Minor,false,Aviation,DirectorBrief,,,,Final,https://data.ntsb.gov/Docket?ProjectID=35214
NYC83LA151,Completed,Accident,35209,false,1983-06-24T09:30:00Z,MONTAUK,New York,United States,,N8040R,Beech,A24R,Minor,false,Aviation,DirectorBrief,,,,Final,https://data.ntsb.gov/Docket?ProjectID=35209
NYC83FA126,Completed,Accident,35049,false,1983-05-30T09:33:00Z,FARMINGDALE,New York,United States,,N837E,Beech,B36TC,Fatal,false,Aviation,DirectorBrief,,,,Final,https://data.ntsb.gov/Docket?ProjectID=35049
NYC83FA107,Completed,Accident,35043,false,1983-05-01T16:46:00Z,CORAM,New York,United States,,N5738P,Piper,PA-24-250,Fatal,false,Aviation,DirectorBrief,,,,Final,https://data.ntsb.gov/Docket?ProjectID=35043
NYC83FA105,Completed,Accident,35041,false,1983-04-30T07:56:00Z,FARMINGDALE,New York,United States,,N2580L,Piper,PA-38-112,Fatal,false,Aviation,DirectorBrief,,,,Final,https://data.ntsb.gov/Docket?ProjectID=35041
